Origin	A	B	Uthresh	Q95thresh
AMB	AFR_.,EAS_.	OCN_ATA	0	0.236842
AMB	AFR_.,EAS_.	OCN_BEL	0	0.111111
AMB	AFR_.,EAS_.	OCN_BKA	0	0.285714
AMB	AFR_.,EAS_.	OCN_BMA	0	0.28
AMB	AFR_.,EAS_.	OCN_GOR	0	0.277778
AMB	AFR_.,EAS_.	OCN_KOV	0	0.227273
AMB	AFR_.,EAS_.	OCN_LAV	0	0.205882
AMB	AFR_.,EAS_.	OCN_MAL	0	0.166667
AMB	AFR_.,EAS_.	OCN_MAM	0	0.25
AMB	AFR_.,EAS_.	OCN_MEL	0	0.2
AMB	AFR_.,EAS_.	OCN_NAK	0	0.195652
AMB	AFR_.,EAS_.	OCN_NAS	0	0.227273
AMB	AFR_.,EAS_.	OCN_NNT	0	0.192308
AMB	AFR_.,EAS_.	OCN_SAP	0	0.178571
AMB	AFR_.,EAS_.	OCN_SCR	0	0.214286
AMB	AFR_.,EAS_.	OCN_SEP	0	0.25
AMB	AFR_.,EAS_.	OCN_TIK	0	0.1
AMB	AFR_.,EAS_.	OCN_VLV	0	0.166667
AMB	AFR_.,EUR_.,EAS_.	OCN_ATA	0	0.236842
AMB	AFR_.,EUR_.,EAS_.	OCN_BEL	0	0.111111
AMB	AFR_.,EUR_.,EAS_.	OCN_BKA	0	0.285714
AMB	AFR_.,EUR_.,EAS_.	OCN_BMA	0	0.270833
AMB	AFR_.,EUR_.,EAS_.	OCN_GOR	0	0.277778
AMB	AFR_.,EUR_.,EAS_.	OCN_KOV	0	0.227273
AMB	AFR_.,EUR_.,EAS_.	OCN_LAV	0	0.205882
AMB	AFR_.,EUR_.,EAS_.	OCN_MAL	0	0.166667
AMB	AFR_.,EUR_.,EAS_.	OCN_MAM	0	0.238095
AMB	AFR_.,EUR_.,EAS_.	OCN_MEL	0	0.2
AMB	AFR_.,EUR_.,EAS_.	OCN_NAK	0	0.181818
AMB	AFR_.,EUR_.,EAS_.	OCN_NAS	0	0.227273
AMB	AFR_.,EUR_.,EAS_.	OCN_NNT	0	0.192308
AMB	AFR_.,EUR_.,EAS_.	OCN_SAP	0	0.178571
AMB	AFR_.,EUR_.,EAS_.	OCN_SCR	0	0.214286
AMB	AFR_.,EUR_.,EAS_.	OCN_SEP	0	0.25
AMB	AFR_.,EUR_.,EAS_.	OCN_TIK	0	0.1
AMB	AFR_.,EUR_.,EAS_.	OCN_VLV	0	0.166667
AMB	AFR_BNK,AFR_BNS,AFR_BIA,AFR_MAN,AFR_MBU,AFR_SAN,AFR_YOR	OCN_ATA	0	0.315789
AMB	AFR_BNK,AFR_BNS,AFR_BIA,AFR_MAN,AFR_MBU,AFR_SAN,AFR_YOR	OCN_BEL	0	0.25
AMB	AFR_BNK,AFR_BNS,AFR_BIA,AFR_MAN,AFR_MBU,AFR_SAN,AFR_YOR	OCN_BKA	0	0.357143
AMB	AFR_BNK,AFR_BNS,AFR_BIA,AFR_MAN,AFR_MBU,AFR_SAN,AFR_YOR	OCN_BMA	0	0.36
AMB	AFR_BNK,AFR_BNS,AFR_BIA,AFR_MAN,AFR_MBU,AFR_SAN,AFR_YOR	OCN_GOR	0	0.333333
AMB	AFR_BNK,AFR_BNS,AFR_BIA,AFR_MAN,AFR_MBU,AFR_SAN,AFR_YOR	OCN_KOV	0	0.272727
AMB	AFR_BNK,AFR_BNS,AFR_BIA,AFR_MAN,AFR_MBU,AFR_SAN,AFR_YOR	OCN_LAV	0	0.264706
AMB	AFR_BNK,AFR_BNS,AFR_BIA,AFR_MAN,AFR_MBU,AFR_SAN,AFR_YOR	OCN_MAL	0	0.222222
AMB	AFR_BNK,AFR_BNS,AFR_BIA,AFR_MAN,AFR_MBU,AFR_SAN,AFR_YOR	OCN_MAM	0	0.3262499499999818
AMB	AFR_BNK,AFR_BNS,AFR_BIA,AFR_MAN,AFR_MBU,AFR_SAN,AFR_YOR	OCN_MEL	0	0.266667
AMB	AFR_BNK,AFR_BNS,AFR_BIA,AFR_MAN,AFR_MBU,AFR_SAN,AFR_YOR	OCN_NAK	0	0.26087
AMB	AFR_BNK,AFR_BNS,AFR_BIA,AFR_MAN,AFR_MBU,AFR_SAN,AFR_YOR	OCN_NAS	0	0.318182
AMB	AFR_BNK,AFR_BNS,AFR_BIA,AFR_MAN,AFR_MBU,AFR_SAN,AFR_YOR	OCN_NNT	0	0.269231
AMB	AFR_BNK,AFR_BNS,AFR_BIA,AFR_MAN,AFR_MBU,AFR_SAN,AFR_YOR	OCN_SAP	0	0.269231
AMB	AFR_BNK,AFR_BNS,AFR_BIA,AFR_MAN,AFR_MBU,AFR_SAN,AFR_YOR	OCN_SCR	0	0.285714
AMB	AFR_BNK,AFR_BNS,AFR_BIA,AFR_MAN,AFR_MBU,AFR_SAN,AFR_YOR	OCN_SEP	0	0.3125
AMB	AFR_BNK,AFR_BNS,AFR_BIA,AFR_MAN,AFR_MBU,AFR_SAN,AFR_YOR	OCN_TIK	0	0.25
AMB	AFR_BNK,AFR_BNS,AFR_BIA,AFR_MAN,AFR_MBU,AFR_SAN,AFR_YOR	OCN_VLV	0	0.25
AMB	AFR_YOR	OCN_ATA	0	0.342105
AMB	AFR_YOR	OCN_BEL	0	0.277778
AMB	AFR_YOR	OCN_BKA	0	0.392857
AMB	AFR_YOR	OCN_BMA	0	0.395833
AMB	AFR_YOR	OCN_GOR	0	0.388889
AMB	AFR_YOR	OCN_KOV	0	0.318182
AMB	AFR_YOR	OCN_LAV	0	0.294118
AMB	AFR_YOR	OCN_MAL	0	0.277778
AMB	AFR_YOR	OCN_MAM	0	0.357143
AMB	AFR_YOR	OCN_MEL	0	0.3
AMB	AFR_YOR	OCN_NAK	0	0.295455
AMB	AFR_YOR	OCN_NAS	0	0.363636
AMB	AFR_YOR	OCN_NNT	0	0.307692
AMB	AFR_YOR	OCN_SAP	0	0.285714
AMB	AFR_YOR	OCN_SCR	0	0.321429
AMB	AFR_YOR	OCN_SEP	0	0.375
AMB	AFR_YOR	OCN_TIK	0	0.3
AMB	AFR_YOR	OCN_VLV	0	0.277778
DEN	AFR_.,EAS_.	OCN_ATA	0	0.210526
DEN	AFR_.,EAS_.	OCN_BEL	0	0.083333
DEN	AFR_.,EAS_.	OCN_BKA	0	0.25
DEN	AFR_.,EAS_.	OCN_BMA	0	0.24
DEN	AFR_.,EAS_.	OCN_GOR	0	0.222222
DEN	AFR_.,EAS_.	OCN_KOV	0	0.181818
DEN	AFR_.,EAS_.	OCN_LAV	0	0.176471
DEN	AFR_.,EAS_.	OCN_MAL	0	0.138889
DEN	AFR_.,EAS_.	OCN_MAM	0	0.214286
DEN	AFR_.,EAS_.	OCN_MEL	0	0.166667
DEN	AFR_.,EAS_.	OCN_NAK	0	0.159091
DEN	AFR_.,EAS_.	OCN_NAS	0	0.181818
DEN	AFR_.,EAS_.	OCN_NNT	0	0.153846
DEN	AFR_.,EAS_.	OCN_SAP	0	0.153846
DEN	AFR_.,EAS_.	OCN_SCR	0	0.178571
DEN	AFR_.,EAS_.	OCN_SEP	0	0.25
DEN	AFR_.,EAS_.	OCN_TIK	0	0.1
DEN	AFR_.,EAS_.	OCN_VLV	0	0.138889
DEN	AFR_.,EUR_.,EAS_.	OCN_ATA	0	0.210526
DEN	AFR_.,EUR_.,EAS_.	OCN_BEL	0	0.083333
DEN	AFR_.,EUR_.,EAS_.	OCN_BKA	0	0.25
DEN	AFR_.,EUR_.,EAS_.	OCN_BMA	0	0.24
DEN	AFR_.,EUR_.,EAS_.	OCN_GOR	0	0.222222
DEN	AFR_.,EUR_.,EAS_.	OCN_KOV	0	0.181818
DEN	AFR_.,EUR_.,EAS_.	OCN_LAV	0	0.176471
DEN	AFR_.,EUR_.,EAS_.	OCN_MAL	0	0.138889
DEN	AFR_.,EUR_.,EAS_.	OCN_MAM	0	0.214286
DEN	AFR_.,EUR_.,EAS_.	OCN_MEL	0	0.166667
DEN	AFR_.,EUR_.,EAS_.	OCN_NAK	0	0.159091
DEN	AFR_.,EUR_.,EAS_.	OCN_NAS	0	0.181818
DEN	AFR_.,EUR_.,EAS_.	OCN_NNT	0	0.153846
DEN	AFR_.,EUR_.,EAS_.	OCN_SAP	0	0.153846
DEN	AFR_.,EUR_.,EAS_.	OCN_SCR	0	0.178571
DEN	AFR_.,EUR_.,EAS_.	OCN_SEP	0	0.25
DEN	AFR_.,EUR_.,EAS_.	OCN_TIK	0	0.1
DEN	AFR_.,EUR_.,EAS_.	OCN_VLV	0	0.138889
DEN	AFR_BNK,AFR_BNS,AFR_BIA,AFR_MAN,AFR_MBU,AFR_SAN,AFR_YOR	OCN_ATA	0	0.222222
DEN	AFR_BNK,AFR_BNS,AFR_BIA,AFR_MAN,AFR_MBU,AFR_SAN,AFR_YOR	OCN_BEL	0	0.111111
DEN	AFR_BNK,AFR_BNS,AFR_BIA,AFR_MAN,AFR_MBU,AFR_SAN,AFR_YOR	OCN_BKA	0	0.25
DEN	AFR_BNK,AFR_BNS,AFR_BIA,AFR_MAN,AFR_MBU,AFR_SAN,AFR_YOR	OCN_BMA	0	0.26
DEN	AFR_BNK,AFR_BNS,AFR_BIA,AFR_MAN,AFR_MBU,AFR_SAN,AFR_YOR	OCN_GOR	0	0.277778
DEN	AFR_BNK,AFR_BNS,AFR_BIA,AFR_MAN,AFR_MBU,AFR_SAN,AFR_YOR	OCN_KOV	0	0.2
DEN	AFR_BNK,AFR_BNS,AFR_BIA,AFR_MAN,AFR_MBU,AFR_SAN,AFR_YOR	OCN_LAV	0	0.176471
DEN	AFR_BNK,AFR_BNS,AFR_BIA,AFR_MAN,AFR_MBU,AFR_SAN,AFR_YOR	OCN_MAL	0	0.138889
DEN	AFR_BNK,AFR_BNS,AFR_BIA,AFR_MAN,AFR_MBU,AFR_SAN,AFR_YOR	OCN_MAM	0	0.238095
DEN	AFR_BNK,AFR_BNS,AFR_BIA,AFR_MAN,AFR_MBU,AFR_SAN,AFR_YOR	OCN_MEL	0	0.2
DEN	AFR_BNK,AFR_BNS,AFR_BIA,AFR_MAN,AFR_MBU,AFR_SAN,AFR_YOR	OCN_NAK	0	0.173913
DEN	AFR_BNK,AFR_BNS,AFR_BIA,AFR_MAN,AFR_MBU,AFR_SAN,AFR_YOR	OCN_NAS	0	0.227273
DEN	AFR_BNK,AFR_BNS,AFR_BIA,AFR_MAN,AFR_MBU,AFR_SAN,AFR_YOR	OCN_NNT	0	0.192308
DEN	AFR_BNK,AFR_BNS,AFR_BIA,AFR_MAN,AFR_MBU,AFR_SAN,AFR_YOR	OCN_SAP	0	0.178571
DEN	AFR_BNK,AFR_BNS,AFR_BIA,AFR_MAN,AFR_MBU,AFR_SAN,AFR_YOR	OCN_SCR	0	0.214286
DEN	AFR_BNK,AFR_BNS,AFR_BIA,AFR_MAN,AFR_MBU,AFR_SAN,AFR_YOR	OCN_SEP	0	0.25
DEN	AFR_BNK,AFR_BNS,AFR_BIA,AFR_MAN,AFR_MBU,AFR_SAN,AFR_YOR	OCN_TIK	0	0.1
DEN	AFR_BNK,AFR_BNS,AFR_BIA,AFR_MAN,AFR_MBU,AFR_SAN,AFR_YOR	OCN_VLV	0	0.166667
DEN	AFR_YOR	OCN_ATA	0	0.236842
DEN	AFR_YOR	OCN_BEL	0	0.138889
DEN	AFR_YOR	OCN_BKA	0	0.285714
DEN	AFR_YOR	OCN_BMA	0	0.28
DEN	AFR_YOR	OCN_GOR	0	0.277778
DEN	AFR_YOR	OCN_KOV	0	0.227273
DEN	AFR_YOR	OCN_LAV	0	0.205882
DEN	AFR_YOR	OCN_MAL	0	0.166667
DEN	AFR_YOR	OCN_MAM	0	0.261905
DEN	AFR_YOR	OCN_MEL	0	0.2
DEN	AFR_YOR	OCN_NAK	0	0.195652
DEN	AFR_YOR	OCN_NAS	0	0.227273
DEN	AFR_YOR	OCN_NNT	0	0.192308
DEN	AFR_YOR	OCN_SAP	0	0.214286
DEN	AFR_YOR	OCN_SCR	0	0.214286
DEN	AFR_YOR	OCN_SEP	0	0.25
DEN	AFR_YOR	OCN_TIK	0	0.15
DEN	AFR_YOR	OCN_VLV	0	0.166667
NEA	AFR_.,EAS_.	OCN_ATA	0	0.131579
NEA	AFR_.,EAS_.	OCN_BEL	0	0.055556
NEA	AFR_.,EAS_.	OCN_BKA	0	0.153846
NEA	AFR_.,EAS_.	OCN_BMA	0	0.16
NEA	AFR_.,EAS_.	OCN_GOR	0	0.166667
NEA	AFR_.,EAS_.	OCN_KOV	0	0.136364
NEA	AFR_.,EAS_.	OCN_LAV	0	0.117647
NEA	AFR_.,EAS_.	OCN_MAL	0	0.083333
NEA	AFR_.,EAS_.	OCN_MAM	0	0.142857
NEA	AFR_.,EAS_.	OCN_MEL	0	0.107143
NEA	AFR_.,EAS_.	OCN_NAK	0	0.113636
NEA	AFR_.,EAS_.	OCN_NAS	0	0.136364
NEA	AFR_.,EAS_.	OCN_NNT	0	0.115385
NEA	AFR_.,EAS_.	OCN_SAP	0	0.107143
NEA	AFR_.,EAS_.	OCN_SCR	0	0.142857
NEA	AFR_.,EAS_.	OCN_SEP	0	0.125
NEA	AFR_.,EAS_.	OCN_TIK	0	0.05
NEA	AFR_.,EAS_.	OCN_VLV	0	0.083333
NEA	AFR_.,EUR_.,EAS_.	OCN_ATA	0	0.131579
NEA	AFR_.,EUR_.,EAS_.	OCN_BEL	0	0.029412
NEA	AFR_.,EUR_.,EAS_.	OCN_BKA	0	0.142857
NEA	AFR_.,EUR_.,EAS_.	OCN_BMA	0	0.16
NEA	AFR_.,EUR_.,EAS_.	OCN_GOR	0	0.166667
NEA	AFR_.,EUR_.,EAS_.	OCN_KOV	0	0.136364
NEA	AFR_.,EUR_.,EAS_.	OCN_LAV	0	0.117647
NEA	AFR_.,EUR_.,EAS_.	OCN_MAL	0	0.083333
NEA	AFR_.,EUR_.,EAS_.	OCN_MAM	0	0.142857
NEA	AFR_.,EUR_.,EAS_.	OCN_MEL	0	0.1
NEA	AFR_.,EUR_.,EAS_.	OCN_NAK	0	0.108696
NEA	AFR_.,EUR_.,EAS_.	OCN_NAS	0	0.136364
NEA	AFR_.,EUR_.,EAS_.	OCN_NNT	0	0.115385
NEA	AFR_.,EUR_.,EAS_.	OCN_SAP	0	0.107143
NEA	AFR_.,EUR_.,EAS_.	OCN_SCR	0	0.142857
NEA	AFR_.,EUR_.,EAS_.	OCN_SEP	0	0.125
NEA	AFR_.,EUR_.,EAS_.	OCN_TIK	0	0.05
NEA	AFR_.,EUR_.,EAS_.	OCN_VLV	0	0.083333
NEA	AFR_BNK,AFR_BNS,AFR_BIA,AFR_MAN,AFR_MBU,AFR_SAN,AFR_YOR	EAS_DAI	0	0.1875
NEA	AFR_BNK,AFR_BNS,AFR_BIA,AFR_MAN,AFR_MBU,AFR_SAN,AFR_YOR	EUR_ORC	0	0.166667
NEA	AFR_BNK,AFR_BNS,AFR_BIA,AFR_MAN,AFR_MBU,AFR_SAN,AFR_YOR	OCN_ATA	0	0.263158
NEA	AFR_BNK,AFR_BNS,AFR_BIA,AFR_MAN,AFR_MBU,AFR_SAN,AFR_YOR	OCN_BEL	0	0.25
NEA	AFR_BNK,AFR_BNS,AFR_BIA,AFR_MAN,AFR_MBU,AFR_SAN,AFR_YOR	OCN_BKA	0	0.321429
NEA	AFR_BNK,AFR_BNS,AFR_BIA,AFR_MAN,AFR_MBU,AFR_SAN,AFR_YOR	OCN_BMA	0	0.291667
NEA	AFR_BNK,AFR_BNS,AFR_BIA,AFR_MAN,AFR_MBU,AFR_SAN,AFR_YOR	OCN_GOR	0	0.277778
NEA	AFR_BNK,AFR_BNS,AFR_BIA,AFR_MAN,AFR_MBU,AFR_SAN,AFR_YOR	OCN_KOV	0	0.227273
NEA	AFR_BNK,AFR_BNS,AFR_BIA,AFR_MAN,AFR_MBU,AFR_SAN,AFR_YOR	OCN_LAV	0	0.235294
NEA	AFR_BNK,AFR_BNS,AFR_BIA,AFR_MAN,AFR_MBU,AFR_SAN,AFR_YOR	OCN_MAL	0	0.222222
NEA	AFR_BNK,AFR_BNS,AFR_BIA,AFR_MAN,AFR_MBU,AFR_SAN,AFR_YOR	OCN_MAM	0	0.261905
NEA	AFR_BNK,AFR_BNS,AFR_BIA,AFR_MAN,AFR_MBU,AFR_SAN,AFR_YOR	OCN_MEL	0	0.233333
NEA	AFR_BNK,AFR_BNS,AFR_BIA,AFR_MAN,AFR_MBU,AFR_SAN,AFR_YOR	OCN_NAK	0	0.227273
NEA	AFR_BNK,AFR_BNS,AFR_BIA,AFR_MAN,AFR_MBU,AFR_SAN,AFR_YOR	OCN_NAS	0	0.272727
NEA	AFR_BNK,AFR_BNS,AFR_BIA,AFR_MAN,AFR_MBU,AFR_SAN,AFR_YOR	OCN_NNT	0	0.230769
NEA	AFR_BNK,AFR_BNS,AFR_BIA,AFR_MAN,AFR_MBU,AFR_SAN,AFR_YOR	OCN_SAP	0	0.25
NEA	AFR_BNK,AFR_BNS,AFR_BIA,AFR_MAN,AFR_MBU,AFR_SAN,AFR_YOR	OCN_SCR	0	0.25
NEA	AFR_BNK,AFR_BNS,AFR_BIA,AFR_MAN,AFR_MBU,AFR_SAN,AFR_YOR	OCN_SEP	0	0.285714
NEA	AFR_BNK,AFR_BNS,AFR_BIA,AFR_MAN,AFR_MBU,AFR_SAN,AFR_YOR	OCN_TIK	0	0.25
NEA	AFR_BNK,AFR_BNS,AFR_BIA,AFR_MAN,AFR_MBU,AFR_SAN,AFR_YOR	OCN_VLV	0	0.222222
NEA	AFR_YOR	EAS_DAI	0	0.25
NEA	AFR_YOR	EUR_ORC	0	0.2
NEA	AFR_YOR	OCN_ATA	0	0.289474
NEA	AFR_YOR	OCN_BEL	0	0.277778
NEA	AFR_YOR	OCN_BKA	0	0.321429
NEA	AFR_YOR	OCN_BMA	0	0.32
NEA	AFR_YOR	OCN_GOR	0	0.277778
NEA	AFR_YOR	OCN_KOV	0	0.272727
NEA	AFR_YOR	OCN_LAV	0	0.264706
NEA	AFR_YOR	OCN_MAL	0	0.222222
NEA	AFR_YOR	OCN_MAM	0	0.285714
NEA	AFR_YOR	OCN_MEL	0	0.266667
NEA	AFR_YOR	OCN_NAK	0	0.25
NEA	AFR_YOR	OCN_NAS	0	0.272727
NEA	AFR_YOR	OCN_NNT	0	0.269231
NEA	AFR_YOR	OCN_SAP	0	0.25
NEA	AFR_YOR	OCN_SCR	0	0.25
NEA	AFR_YOR	OCN_SEP	0	0.3125
NEA	AFR_YOR	OCN_TIK	0	0.25
NEA	AFR_YOR	OCN_VLV	0	0.25
